id,target
c0f722661,-1.4850959039253528
f0953f0a5,-0.36993205906182314
0df072751,-0.39992534817967784
04caf4e0c,-1.6671415615165175
0e63f8bea,-1.3958125249248363
12537fe78,-0.6273122249876022
965e592c0,-0.3741442774182895
